"ID";"Nome";"Ilha";"Raridade";"Aparência";"Paleta";"Tamanho mínimo (cm)";"Tamanho máximo (cm)";"Peso mínimo (kg)";"Peso máximo (kg)";"Valor base (moedas)";"Chance base (%)";"Horário";"Área de água";"Dificuldade"
"0-0";"Sardinha de Coral";"Enseada do Sol";"Comum";"Corpo alongado e pequeno; marcação exclusiva stripes; corpo #ef9e91, reflexos #fff0ce e barbatanas #a95365.";"#ef9e91 / #fff0ce / #a95365";"8";"18";"0.08";"0.4";"12";"20";"Dia e noite";"Costa ensolarada";"20"
"0-1";"Góbio de Areia";"Enseada do Sol";"Comum";"Corpo arredondado, com cabeça larga; marcação exclusiva spots; corpo #c5a570, reflexos #f5df9d e barbatanas #806f55.";"#c5a570 / #f5df9d / #806f55";"9";"23";"0.12";"0.7";"18";"19";"Dia e noite";"Costa ensolarada";"21"
"0-2";"Lambari Solar";"Enseada do Sol";"Comum";"Corpo fino e ágil; marcação exclusiva band; corpo #ffe484, reflexos #fff7c1 e barbatanas #dd9857.";"#ffe484 / #fff7c1 / #dd9857";"6";"14";"0.06";"0.3";"15";"17";"Dia e noite";"Lago das palmeiras";"22"
"0-3";"Baiacu de Concha";"Enseada do Sol";"Incomum";"Corpo inflado, com espinhos; marcação exclusiva spines; corpo #e9c799, reflexos #fff0d5 e barbatanas #b78976.";"#e9c799 / #fff0d5 / #b78976";"14";"32";"0.4";"2.2";"36";"12";"Dia e noite";"Costa ensolarada";"36"
"0-4";"Peixe Fita Turquesa";"Enseada do Sol";"Incomum";"Corpo comprido como uma fita; marcação exclusiva stripe; corpo #69cecd, reflexos #d6f5dc e barbatanas #3b8eaa.";"#69cecd / #d6f5dc / #3b8eaa";"22";"58";"0.2";"1.1";"42";"11";"Dia e noite";"Mar aberto";"37"
"0-5";"Badejo das Palmeiras";"Enseada do Sol";"Raro";"Corpo robusto, com barbatana dorsal; marcação exclusiva spots; corpo #84b8a1, reflexos #f4dfb1 e barbatanas #417d7f.";"#84b8a1 / #f4dfb1 / #417d7f";"30";"76";"1.1";"6.4";"90";"8";"Dia e noite";"Costa ensolarada";"54"
"0-6";"Agulha de Cristal";"Enseada do Sol";"Raro";"Corpo estreito, com focinho de agulha; marcação exclusiva sparkles; corpo #a7e9e7, reflexos #f6ffff e barbatanas #629dbe.";"#a7e9e7 / #f6ffff / #629dbe";"42";"92";"0.7";"3.6";"105";"6";"6h–18h";"Mar aberto";"52"
"0-7";"Arraia Girassol";"Enseada do Sol";"Épico";"Corpo achatado, com asas triangulares; marcação exclusiva sun; corpo #e3aa53, reflexos #fff0a1 e barbatanas #a56743.";"#e3aa53 / #fff0a1 / #a56743";"48";"118";"2";"11";"245";"3.7";"18h–6h";"Costa ensolarada";"69"
"0-8";"Cavalo-marinho Real";"Enseada do Sol";"Épico";"Corpo vertical, com cauda enrolada e coroa; marcação exclusiva crown; corpo #ec917d, reflexos #ffd599 e barbatanas #ac5e87.";"#ec917d / #ffd599 / #ac5e87";"18";"39";"0.3";"1.2";"290";"2.5";"Dia e noite";"Lago das palmeiras";"70"
"0-9";"Leviatã da Aurora";"Enseada do Sol";"Lendário";"Corpo alongado, com crista e nadadeiras grandes; marcação exclusiva runes; corpo #eaa48a, reflexos #fff2b6 e barbatanas #9579b8.";"#eaa48a / #fff2b6 / #9579b8";"110";"220";"8";"28";"720";"0.8";"Dia e noite";"Mar aberto";"84"
"1-0";"Carpa de Musgo";"Bosque da Bruma";"Comum";"Corpo ovalado e escamoso; marcação exclusiva moss; corpo #94ad70, reflexos #e2d69a e barbatanas #47735a.";"#94ad70 / #e2d69a / #47735a";"16";"39";"0.3";"1.8";"25";"20";"Dia e noite";"Rio e cachoeira";"22"
"1-1";"Truta da Bruma";"Bosque da Bruma";"Comum";"Corpo fusiforme, com cauda bifurcada; marcação exclusiva dots; corpo #87b9af, reflexos #dfe9c8 e barbatanas #566b7d.";"#87b9af / #dfe9c8 / #566b7d";"17";"36";"0.2";"1.4";"28";"19";"Dia e noite";"Rio e cachoeira";"23"
"1-2";"Bagre de Raiz";"Bosque da Bruma";"Comum";"Corpo largo, com bigodes; marcação exclusiva whiskers; corpo #a49175, reflexos #e8d8ba e barbatanas #596b54.";"#a49175 / #e8d8ba / #596b54";"21";"46";"0.5";"2.7";"32";"17";"Dia e noite";"Foz do rio";"24"
"1-3";"Perca Esmeralda";"Bosque da Bruma";"Incomum";"Corpo alto, com barbatana dorsal marcada; marcação exclusiva bars; corpo #51bd8d, reflexos #bff1af e barbatanas #326851.";"#51bd8d / #bff1af / #326851";"20";"47";"0.6";"3.3";"62";"12";"Dia e noite";"Rio e cachoeira";"38"
"1-4";"Enguia Folha";"Bosque da Bruma";"Incomum";"Corpo serpenteante e flexível; marcação exclusiva leaf; corpo #b4ce65, reflexos #ecedb1 e barbatanas #537a58.";"#b4ce65 / #ecedb1 / #537a58";"37";"89";"0.3";"2.1";"75";"11";"Dia e noite";"Rio e cachoeira";"39"
"1-5";"Salmão da Cascata";"Bosque da Bruma";"Raro";"Corpo comprido e musculoso; marcação exclusiva spots; corpo #e09b9a, reflexos #ece4b7 e barbatanas #497f83.";"#e09b9a / #ece4b7 / #497f83";"34";"82";"1.4";"7.5";"150";"8";"Dia e noite";"Rio e cachoeira";"56"
"1-6";"Peixe Libélula";"Bosque da Bruma";"Raro";"Corpo pequeno, com barbatanas de libélula; marcação exclusiva wings; corpo #7ad2ae, reflexos #d6fae8 e barbatanas #518baa.";"#7ad2ae / #d6fae8 / #518baa";"13";"29";"0.2";"1.3";"165";"6";"6h–18h";"Foz do rio";"54"
"1-7";"Arapaima de Jade";"Bosque da Bruma";"Épico";"Corpo grande, com escamas sobrepostas; marcação exclusiva scales; corpo #65aa90, reflexos #d4e199 e barbatanas #3a6264.";"#65aa90 / #d4e199 / #3a6264";"83";"179";"4";"19";"370";"3.7";"18h–6h";"Correnteza profunda";"71"
"1-8";"Peixe Orquídea";"Bosque da Bruma";"Épico";"Corpo oval, com nadadeiras em pétalas; marcação exclusiva petals; corpo #d391c5, reflexos #f5d2ec e barbatanas #6f8890.";"#d391c5 / #f5d2ec / #6f8890";"20";"52";"0.5";"3.2";"430";"2.5";"Dia e noite";"Rio e cachoeira";"72"
"1-9";"Guardião do Rio";"Bosque da Bruma";"Lendário";"Corpo com cristas e galhadas; marcação exclusiva antlers; corpo #7dcc95, reflexos #f7edbc e barbatanas #46675c.";"#7dcc95 / #f7edbc / #46675c";"120";"280";"11";"42";"1100";"0.8";"Dia e noite";"Correnteza profunda";"86"
"2-0";"Douradinho de Duna";"Dunas de Âmbar";"Comum";"Corpo fino e ágil; marcação exclusiva zigzag; corpo #e5b558, reflexos #fff0a6 e barbatanas #a57045.";"#e5b558 / #fff0a6 / #a57045";"9";"20";"0.1";"0.6";"42";"20";"Dia e noite";"Costa rochosa";"24"
"2-1";"Cascudo de Bronze";"Dunas de Âmbar";"Comum";"Corpo curto e protegido por placas; marcação exclusiva plates; corpo #b88658, reflexos #e8c494 e barbatanas #6b5a51.";"#b88658 / #e8c494 / #6b5a51";"15";"40";"0.4";"2.3";"48";"19";"Dia e noite";"Oásis antigo";"25"
"2-2";"Peixe Vidro";"Dunas de Âmbar";"Comum";"Corpo delicado, com marcações de esqueleto; marcação exclusiva skeleton; corpo #abdad4, reflexos #eef1c9 e barbatanas #6c9b9b.";"#abdad4 / #eef1c9 / #6c9b9b";"8";"19";"0.08";"0.5";"45";"17";"Dia e noite";"Oásis antigo";"26"
"2-3";"Bagre do Oásis";"Dunas de Âmbar";"Incomum";"Corpo largo, com bigodes; marcação exclusiva mask; corpo #ccab8b, reflexos #ffe2b2 e barbatanas #857768.";"#ccab8b / #ffe2b2 / #857768";"24";"61";"0.8";"4.5";"100";"12";"Dia e noite";"Oásis antigo";"40"
"2-4";"Linguado de Areia";"Dunas de Âmbar";"Incomum";"Corpo achatado e baixo; marcação exclusiva freckles; corpo #e0c496, reflexos #f7e8b6 e barbatanas #b18b62.";"#e0c496 / #f7e8b6 / #b18b62";"24";"54";"0.6";"3";"110";"11";"Dia e noite";"Costa rochosa";"41"
"2-5";"Peixe Escaravelho";"Dunas de Âmbar";"Raro";"Corpo oval, com armadura de escaravelho; marcação exclusiva armor; corpo #5faeae, reflexos #e4c273 e barbatanas #4a687e.";"#5faeae / #e4c273 / #4a687e";"16";"39";"0.5";"2.5";"235";"8";"Dia e noite";"Oásis antigo";"58"
"2-6";"Serpente de Âmbar";"Dunas de Âmbar";"Raro";"Corpo ondulado, com crista contínua; marcação exclusiva diamonds; corpo #e9a452, reflexos #ffdb83 e barbatanas #ab6547.";"#e9a452 / #ffdb83 / #ab6547";"59";"127";"1.6";"8";"260";"6";"6h–18h";"Mar de âmbar";"56"
"2-7";"Raia do Eclipse";"Dunas de Âmbar";"Épico";"Corpo achatado, com asas triangulares; marcação exclusiva eclipse; corpo #71647b, reflexos #e9c073 e barbatanas #3e455d.";"#71647b / #e9c073 / #3e455d";"62";"143";"3";"15";"590";"3.7";"18h–6h";"Mar de âmbar";"73"
"2-8";"Náutilo das Ruínas";"Dunas de Âmbar";"Épico";"Corpo com concha espiral e tentáculos; marcação exclusiva spiral; corpo #dc9369, reflexos #f1d5a5 e barbatanas #866b85.";"#dc9369 / #f1d5a5 / #866b85";"26";"66";"1.1";"6";"670";"2.5";"Dia e noite";"Costa rochosa";"74"
"2-9";"Fênix das Marés";"Dunas de Âmbar";"Lendário";"Corpo com nadadeiras longas em chamas; marcação exclusiva flame; corpo #f69354, reflexos #ffeab0 e barbatanas #a65164.";"#f69354 / #ffeab0 / #a65164";"93";"194";"6";"25";"1650";"0.8";"Dia e noite";"Mar de âmbar";"88"
"3-0";"Sardinha de Neve";"Baía Boreal";"Comum";"Corpo alongado e pequeno; marcação exclusiva snow; corpo #c5dbe6, reflexos #ffffff e barbatanas #728cac.";"#c5dbe6 / #ffffff / #728cac";"12";"29";"0.15";"0.9";"65";"20";"Dia e noite";"Píer congelado";"26"
"3-1";"Góbio de Geada";"Baía Boreal";"Comum";"Corpo arredondado, com cabeça larga; marcação exclusiva crystals; corpo #aebedb, reflexos #eaf3ff e barbatanas #697fa3.";"#aebedb / #eaf3ff / #697fa3";"13";"32";"0.25";"1.5";"70";"19";"Dia e noite";"Buracos no gelo";"27"
"3-2";"Truta Polar";"Baía Boreal";"Comum";"Corpo fusiforme, com cauda bifurcada; marcação exclusiva frost; corpo #84c4d2, reflexos #eefaff e barbatanas #62849a.";"#84c4d2 / #eefaff / #62849a";"22";"51";"0.5";"3.4";"80";"17";"Dia e noite";"Buracos no gelo";"28"
"3-3";"Bacalhau Azul";"Baía Boreal";"Incomum";"Corpo alongado, com pequeno barbilhão; marcação exclusiva beard; corpo #6b9bbe, reflexos #d6ebec e barbatanas #425b82.";"#6b9bbe / #d6ebec / #425b82";"34";"81";"1.2";"6.8";"165";"12";"Dia e noite";"Píer congelado";"42"
"3-4";"Enguia de Gelo";"Baía Boreal";"Incomum";"Corpo serpenteante e flexível; marcação exclusiva shards; corpo #a3dfe5, reflexos #edffff e barbatanas #617db6.";"#a3dfe5 / #edffff / #617db6";"48";"110";"0.8";"4.3";"180";"11";"Dia e noite";"Buracos no gelo";"43"
"3-5";"Peixe Prisma";"Baía Boreal";"Raro";"Corpo angular, com facetas; marcação exclusiva facets; corpo #adc9ec, reflexos #fffbe4 e barbatanas #bf9ece.";"#adc9ec / #fffbe4 / #bf9ece";"23";"52";"0.6";"3.1";"365";"8";"Dia e noite";"Buracos no gelo";"60"
"3-6";"Salmão Boreal";"Baía Boreal";"Raro";"Corpo comprido e musculoso; marcação exclusiva aurora; corpo #b5a3d7, reflexos #e5f5dd e barbatanas #5e8bb0.";"#b5a3d7 / #e5f5dd / #5e8bb0";"47";"104";"2";"12";"410";"6";"6h–18h";"Águas glaciais";"58"
"3-7";"Arraia de Neve";"Baía Boreal";"Épico";"Corpo largo, com asas e cauda fina; marcação exclusiva snowflake; corpo #d6e6eb, reflexos #ffffff e barbatanas #8b9dc1.";"#d6e6eb / #ffffff / #8b9dc1";"71";"157";"4";"21";"920";"3.7";"18h–6h";"Águas glaciais";"75"
"3-8";"Lobo do Abismo";"Baía Boreal";"Épico";"Corpo robusto, com dentes salientes; marcação exclusiva fangs; corpo #718cae, reflexos #c2d7e9 e barbatanas #3c4e73.";"#718cae / #c2d7e9 / #3c4e73";"77";"170";"5";"26";"1030";"2.5";"Dia e noite";"Águas glaciais";"76"
"3-9";"Dragão Boreal";"Baía Boreal";"Lendário";"Corpo alongado, com crista e nadadeiras grandes; marcação exclusiva icecrown; corpo #9bcfee, reflexos #f1fff4 e barbatanas #9b8dcd.";"#9bcfee / #f1fff4 / #9b8dcd";"158";"345";"14";"62";"2480";"0.8";"Dia e noite";"Águas glaciais";"90"
"4-0";"Lambari Lunar";"Arquipélago Astral";"Comum";"Corpo fino e ágil; marcação exclusiva moons; corpo #bda3dd, reflexos #f1e4fa e barbatanas #7874b0.";"#bda3dd / #f1e4fa / #7874b0";"13";"32";"0.2";"1.2";"100";"20";"Dia e noite";"Costa violeta";"28"
"4-1";"Góbio de Ametista";"Arquipélago Astral";"Comum";"Corpo facetado como uma gema; marcação exclusiva gems; corpo #aa85cd, reflexos #e5c5ed e barbatanas #5c5795.";"#aa85cd / #e5c5ed / #5c5795";"18";"43";"0.4";"2.4";"110";"19";"Dia e noite";"Lago luminescente";"29"
"4-2";"Peixe Lanterna";"Arquipélago Astral";"Comum";"Corpo com antena e lanterna luminosa; marcação exclusiva lantern; corpo #6e8bae, reflexos #b5ffce e barbatanas #484f82.";"#6e8bae / #b5ffce / #484f82";"15";"36";"0.3";"1.9";"105";"17";"Dia e noite";"Abismo astral";"30"
"4-3";"Enguia de Névoa";"Arquipélago Astral";"Incomum";"Corpo ondulado, com crista translúcida; marcação exclusiva stars; corpo #9da6d2, reflexos #e1ecff e barbatanas #656196.";"#9da6d2 / #e1ecff / #656196";"58";"131";"1";"6";"245";"12";"Dia e noite";"Lago luminescente";"44"
"4-4";"Medusa de Cristal";"Arquipélago Astral";"Incomum";"Corpo em sino, com tentáculos finos; marcação exclusiva tentacles; corpo #bfaee6, reflexos #f2dcff e barbatanas #878ac3.";"#bfaee6 / #f2dcff / #878ac3";"27";"63";"0.7";"4.3";"260";"11";"Dia e noite";"Lago luminescente";"45"
"4-5";"Peixe Cometa";"Arquipélago Astral";"Raro";"Corpo com cauda longa de cometa; marcação exclusiva trail; corpo #9bdace, reflexos #efffd1 e barbatanas #8e91c6.";"#9bdace / #efffd1 / #8e91c6";"37";"86";"1.1";"7";"540";"8";"Dia e noite";"Costa violeta";"62"
"4-6";"Polvo das Estrelas";"Arquipélago Astral";"Raro";"Corpo com cabeça arredondada e braços múltiplos; marcação exclusiva constellation; corpo #bf8fbd, reflexos #ead2e9 e barbatanas #655885.";"#bf8fbd / #ead2e9 / #655885";"51";"117";"2.5";"14";"600";"6";"6h–18h";"Lago luminescente";"60"
"4-7";"Arraia Nebulosa";"Arquipélago Astral";"Épico";"Corpo largo, com asas e cauda fina; marcação exclusiva nebula; corpo #aa96d8, reflexos #dce3ff e barbatanas #534b86.";"#aa96d8 / #dce3ff / #534b86";"97";"206";"6";"32";"1400";"3.7";"18h–6h";"Abismo astral";"77"
"4-8";"Oráculo das Profundezas";"Arquipélago Astral";"Épico";"Corpo com cristas ornamentais e olhos marcados; marcação exclusiva eyes; corpo #c795c6, reflexos #ffe5bf e barbatanas #6b648f.";"#c795c6 / #ffe5bf / #6b648f";"69";"154";"4";"23";"1650";"2.5";"Dia e noite";"Lago luminescente";"78"
"4-9";"Celacanto Celestial";"Arquipélago Astral";"Lendário";"Corpo com barbatanas lobadas e halo geométrico; marcação exclusiva halo; corpo #878bdf, reflexos #fcf0be e barbatanas #4f487f.";"#878bdf / #fcf0be / #4f487f";"188";"420";"22";"94";"4500";"0.8";"Dia e noite";"Abismo astral";"92"